model,features,train_range,test_range,train_rows,test_rows,rows,accuracy,balanced_accuracy,precision_abundant,recall_abundant,f1_abundant,f1_weighted,tn,fp,fn,tp
hist_gradient_boosting,"log_n,tau_n,omega_n,Omega_n,min_prime_factor,max_prime_factor",1-100000,100001-1000000,100000,200000,200000,0.906535,0.9297496802316648,0.7355567980898554,0.976056789925403,0.8389103851224998,0.9104180230617014,132633,17499,1194,48674
random_forest,"log_n,tau_n,omega_n,Omega_n,min_prime_factor,max_prime_factor",1-100000,100001-1000000,100000,200000,200000,0.903345,0.9286694698852438,0.7274704646693384,0.9791850485281143,0.8347650673983469,0.9075263042590218,131839,18293,1038,48830
